purchase_id,student_id,purchase_type,date_start,end_date
15781,258800,Annual,2022-01-01,2
15786,258803,Annual,2022-01-01,2
15808,258862,Annual,2022-01-01,2
15809,258865,Annual,2022-01-01,2
15811,258878,Annual,2022-01-01,2
15813,258908,Monthly,2022-01-01,0
15816,258916,Annual,2022-01-02,2
15827,258984,Annual,2022-01-02,2
15829,259039,Monthly,2022-01-02,0
15844,259106,Annual,2022-01-03,2
15845,258818,Annual,2022-01-03,2
15846,258955,Annual,2022-01-03,2
15853,259209,Annual,2022-01-04,2
15862,258922,Annual,2022-01-04,2
15863,259028,Monthly,2022-01-04,0
15865,259258,Monthly,2022-01-04,0
15867,259026,Monthly,2022-01-04,0
15869,259273,Monthly,2022-01-04,0
15872,259305,Monthly,2022-01-05,0
15885,259268,Monthly,2022-01-05,0
15889,259408,Monthly,2022-01-05,0
15890,259429,Annual,2022-01-06,2
15891,259447,Annual,2022-01-06,2
15903,259534,Monthly,2022-01-06,0
15905,259174,Annual,2022-01-07,2
15916,259614,Annual,2022-01-07,2
15917,259510,Monthly,2022-01-07,0
15918,259635,Annual,2022-01-07,2
15921,259684,Annual,2022-01-08,2
15931,259702,Monthly,2022-01-08,0
15932,259260,Annual,2022-01-08,2
15933,258980,Annual,2022-01-08,2
15934,259727,Annual,2022-01-08,2
15936,259657,Annual,2022-01-08,2
15941,258822,Monthly,2022-01-09,0
15952,259504,Monthly,2022-01-09,0
15954,259476,Monthly,2022-01-09,0
15955,259777,Monthly,2022-01-09,0
15956,258971,Monthly,2022-01-09,0
15957,259862,Annual,2022-01-09,2
15958,259283,Monthly,2022-01-09,0
15960,259865,Monthly,2022-01-10,0
15961,259664,Annual,2022-01-10,2
15965,259549,Annual,2022-01-10,2
15966,259731,Monthly,2022-01-10,0
15971,259473,Annual,2022-01-10,2
15972,259938,Monthly,2022-01-10,0
15973,259860,Monthly,2022-01-10,0
15975,259952,Annual,2022-01-10,2
15976,259953,Annual,2022-01-10,2
15978,259959,Annual,2022-01-10,2
15979,259965,Monthly,2022-01-10,0
15987,260029,Annual,2022-01-11,2
15990,259834,Annual,2022-01-11,2
15992,259262,Annual,2022-01-11,2
15995,259689,Monthly,2022-01-11,0
15996,259437,Annual,2022-01-11,2
15999,259969,Annual,2022-01-12,2
16000,259506,Annual,2022-01-12,2
16001,259973,Monthly,2022-01-11,0
16003,260111,Annual,2022-01-12,2
16007,260126,Annual,2022-01-12,2
16011,260132,Annual,2022-01-12,2
16020,260168,Annual,2022-01-12,2
16021,260180,Monthly,2022-01-12,0
16022,260181,Annual,2022-01-12,2
16023,260164,Quarterly,2022-01-12,1
16027,260173,Quarterly,2022-01-13,1
16028,260217,Annual,2022-01-13,2
16048,259996,Monthly,2022-01-13,0
16050,260192,Annual,2022-01-13,2
16051,259464,Monthly,2022-01-13,0
16052,260291,Annual,2022-01-13,2
16053,260324,Monthly,2022-01-13,0
16055,260335,Annual,2022-01-14,2
16057,260354,Monthly,2022-01-14,0
16082,260423,Annual,2022-01-14,2
16084,260211,Monthly,2022-01-14,0
16085,260465,Monthly,2022-01-14,0
16086,260483,Annual,2022-01-15,2
16087,260494,Monthly,2022-01-15,0
16106,260356,Monthly,2022-01-15,0
16107,260549,Annual,2022-01-15,2
16109,260321,Annual,2022-01-15,2
16111,260578,Annual,2022-01-15,2
16112,260486,Annual,2022-01-16,2
16117,260616,Annual,2022-01-16,2
16129,260646,Monthly,2022-01-16,0
16131,260649,Annual,2022-01-16,2
16135,260707,Annual,2022-01-17,2
16136,260593,Annual,2022-01-17,2
16140,260742,Monthly,2022-01-17,0
16158,260809,Annual,2022-01-17,2
16159,260815,Annual,2022-01-17,2
16166,260829,Annual,2022-01-18,2
16167,260329,Annual,2022-01-18,2
16168,260842,Annual,2022-01-18,2
16169,260033,Annual,2022-01-18,2
16176,260855,Annual,2022-01-18,2
16186,260664,Annual,2022-01-18,2
16188,260865,Annual,2022-01-18,2
16191,260885,Monthly,2022-01-18,0
16192,260834,Annual,2022-01-18,2
16194,260891,Annual,2022-01-18,2
16198,260909,Monthly,2022-01-18,0
16199,260910,Annual,2022-01-19,2
16200,260920,Annual,2022-01-19,2
16201,260913,Monthly,2022-01-19,0
16203,260572,Annual,2022-01-19,2
16217,260952,Annual,2022-01-19,2
16218,260898,Monthly,2022-01-19,0
16219,260954,Annual,2022-01-19,2
16225,260968,Annual,2022-01-19,2
16226,260971,Annual,2022-01-19,2
16228,260977,Annual,2022-01-19,2
16230,260176,Annual,2022-01-19,2
16231,260991,Annual,2022-01-19,2
16232,260988,Annual,2022-01-19,2
16237,260998,Annual,2022-01-20,2
16261,261022,Annual,2022-01-20,2
16264,260608,Annual,2022-01-20,2
16265,261039,Annual,2022-01-20,2
16266,260684,Annual,2022-01-20,2
16269,261061,Annual,2022-01-20,2
16271,261072,Annual,2022-01-20,2
16272,261073,Monthly,2022-01-20,0
16275,261084,Annual,2022-01-20,2
16277,261086,Annual,2022-01-20,2
16285,261110,Annual,2022-01-21,2
16287,260216,Annual,2022-01-21,2
16289,261132,Monthly,2022-01-21,0
16316,260754,Annual,2022-01-21,2
16318,259483,Annual,2022-01-21,2
16319,261158,Annual,2022-01-21,2
16320,261173,Annual,2022-01-21,2
16321,260813,Annual,2022-01-21,2
16322,261177,Annual,2022-01-21,2
16324,261183,Annual,2022-01-21,2
16333,261217,Annual,2022-01-22,2
16334,261212,Monthly,2022-01-22,0
16335,261121,Annual,2022-01-22,2
16336,261227,Annual,2022-01-22,2
16337,261228,Monthly,2022-01-22,0
16353,261241,Annual,2022-01-22,2
16355,260831,Annual,2022-01-22,2
16356,261263,Annual,2022-01-22,2
16357,261019,Annual,2022-01-22,2
16358,261268,Monthly,2022-01-22,0
16359,261210,Annual,2022-01-22,2
16360,261003,Annual,2022-01-22,2
16361,261085,Annual,2022-01-22,2
16362,261276,Annual,2022-01-22,2
16365,261288,Annual,2022-01-23,2
16367,261293,Annual,2022-01-23,2
16368,261295,Annual,2022-01-23,2
16387,261359,Annual,2022-01-23,2
16388,261349,Annual,2022-01-23,2
16389,261059,Annual,2022-01-23,2
16390,261367,Annual,2022-01-23,2
16391,261374,Annual,2022-01-23,2
16393,261389,Annual,2022-01-24,2
16394,261390,Annual,2022-01-24,2
16396,261412,Annual,2022-01-24,2
16404,261417,Annual,2022-01-24,2
16408,259283,Annual,2022-01-24,2
16409,259494,Annual,2022-01-24,2
16411,261446,Annual,2022-01-24,2
16414,261452,Annual,2022-01-24,2
16415,261483,Annual,2022-01-24,2
16419,261490,Annual,2022-01-24,2
16421,261495,Annual,2022-01-24,2
16422,259523,Annual,2022-01-25,2
16423,260702,Annual,2022-01-25,2
16425,261291,Annual,2022-01-25,2
16426,260850,Monthly,2022-01-25,0
16427,261171,Annual,2022-01-25,2
16428,261408,Annual,2022-01-25,2
16430,261538,Annual,2022-01-25,2
16441,261552,Annual,2022-01-25,2
16442,260916,Annual,2022-01-25,2
16443,261558,Annual,2022-01-25,2
16445,261565,Annual,2022-01-25,2
16446,261567,Annual,2022-01-25,2
16448,261515,Annual,2022-01-25,2
16450,260345,Annual,2022-01-25,2
16452,261577,Annual,2022-01-25,2
16456,260915,Annual,2022-01-25,2
16458,261593,Annual,2022-01-25,2
16459,259171,Quarterly,2022-01-25,1
16462,260787,Annual,2022-01-26,2
16464,261585,Monthly,2022-01-26,0
16466,261603,Annual,2022-01-26,2
16467,261607,Annual,2022-01-26,2
16468,261610,Annual,2022-01-26,2
16469,261621,Annual,2022-01-26,2
16480,260024,Annual,2022-01-26,2
16481,261550,Annual,2022-01-26,2
16483,261633,Annual,2022-01-26,2
16489,261510,Annual,2022-01-26,2
16491,261491,Monthly,2022-01-26,0
16492,259300,Annual,2022-01-26,2
16493,261658,Annual,2022-01-26,2
16495,261661,Annual,2022-01-26,2
16497,261662,Annual,2022-01-26,2
16498,261455,Monthly,2022-01-26,0
16499,259524,Annual,2022-01-26,2
16500,261674,Annual,2022-01-26,2
16501,261679,Annual,2022-01-26,2
16502,261239,Annual,2022-01-26,2
16504,261685,Annual,2022-01-26,2
16506,261690,Annual,2022-01-26,2
16511,261714,Annual,2022-01-27,2
16519,261721,Annual,2022-01-27,2
16521,261724,Monthly,2022-01-27,0
16522,261522,Annual,2022-01-27,2
16525,261735,Annual,2022-01-27,2
16527,261323,Annual,2022-01-27,2
16529,261337,Annual,2022-01-27,2
16532,261619,Annual,2022-01-27,2
16533,261654,Annual,2022-01-27,2
16535,260980,Annual,2022-01-27,2
16536,261519,Annual,2022-01-27,2
16538,261758,Annual,2022-01-27,2
16543,261756,Annual,2022-01-27,2
16544,258913,Annual,2022-01-27,2
16545,261766,Annual,2022-01-27,2
16546,261184,Annual,2022-01-27,2
16547,259054,Annual,2022-01-27,2
16548,261768,Annual,2022-01-27,2
16550,261771,Annual,2022-01-27,2
16552,261773,Monthly,2022-01-27,0
16553,261778,Annual,2022-01-27,2
16554,261779,Annual,2022-01-27,2
16555,261755,Annual,2022-01-27,2
16557,261682,Annual,2022-01-27,2
16559,261590,Annual,2022-01-27,2
16560,261783,Annual,2022-01-27,2
16563,261785,Annual,2022-01-27,2
16565,260698,Annual,2022-01-27,2
16567,261704,Annual,2022-01-27,2
16568,261737,Annual,2022-01-27,2
16573,261789,Annual,2022-01-28,2
16576,261782,Annual,2022-01-27,2
16577,261777,Annual,2022-01-27,2
16578,261791,Annual,2022-01-28,2
16579,261790,Annual,2022-01-28,2
16580,259870,Annual,2022-01-28,2
16582,261589,Annual,2022-01-28,2
16583,261796,Annual,2022-01-28,2
16585,261787,Annual,2022-01-28,2
16587,261801,Annual,2022-01-28,2
16588,261802,Annual,2022-01-28,2
16596,261808,Annual,2022-01-28,2
16597,261810,Annual,2022-01-28,2
16598,261809,Annual,2022-01-28,2
16600,261138,Annual,2022-01-28,2
16601,261813,Annual,2022-01-28,2
16603,261816,Annual,2022-01-28,2
16604,261817,Annual,2022-01-28,2
16605,261819,Annual,2022-01-28,2
16606,261820,Annual,2022-01-28,2
16607,261822,Annual,2022-01-28,2
16619,261825,Annual,2022-01-28,2
16628,259781,Annual,2022-01-27,2
16649,261466,Monthly,2022-01-29,0
16658,261995,Monthly,2022-01-30,0
16659,262071,Monthly,2022-01-31,0
16664,262068,Annual,2022-01-31,2
16665,261979,Quarterly,2022-01-31,1
16666,262119,Annual,2022-01-31,2
16670,262190,Monthly,2022-02-01,0
16672,262224,Annual,2022-02-01,2
16688,262198,Monthly,2022-02-01,0
16690,261692,Annual,2022-02-01,2
16691,262273,Annual,2022-02-01,2
16692,262288,Annual,2022-02-01,2
16697,261905,Annual,2022-02-02,2
16698,261608,Quarterly,2022-02-02,1
16701,259039,Monthly,2022-02-02,0
16707,262392,Annual,2022-02-02,2
16708,262406,Annual,2022-02-03,2
16711,262414,Annual,2022-02-03,2
16714,262470,Annual,2022-02-03,2
16722,262237,Annual,2022-02-03,2
16724,262550,Annual,2022-02-03,2
16726,262459,Annual,2022-02-04,2
16727,262599,Annual,2022-02-04,2
16733,259258,Monthly,2022-02-04,0
16736,259026,Monthly,2022-02-04,0
16737,262634,Annual,2022-02-04,2
16739,262648,Annual,2022-02-04,2
16741,262641,Annual,2022-02-05,2
16752,259408,Monthly,2022-02-05,0
16756,262750,Monthly,2022-02-05,0
16758,262754,Annual,2022-02-05,2
16759,262784,Annual,2022-02-05,2
16761,262792,Monthly,2022-02-05,0
16763,262596,Monthly,2022-02-06,0
16764,262643,Quarterly,2022-02-06,1
16765,262817,Annual,2022-02-06,2
16766,262821,Monthly,2022-02-06,0
16775,259534,Monthly,2022-02-06,0
16777,259305,Monthly,2022-02-06,0
16778,262826,Annual,2022-02-06,2
16779,262613,Monthly,2022-02-06,0
16780,262861,Annual,2022-02-06,2
16781,262675,Monthly,2022-02-06,0
16782,262908,Monthly,2022-02-07,0
16786,259510,Monthly,2022-02-07,0
16787,261554,Annual,2022-02-07,2
16788,262944,Annual,2022-02-07,2
16789,262955,Annual,2022-02-07,2
16790,262738,Annual,2022-02-07,2
16791,262967,Monthly,2022-02-07,0
16792,262992,Monthly,2022-02-07,0
16793,263000,Annual,2022-02-07,2
16801,259702,Monthly,2022-02-08,0
16827,263065,Annual,2022-02-08,2
16855,263104,Monthly,2022-02-08,0
16856,263112,Monthly,2022-02-08,0
16857,263118,Annual,2022-02-08,2
16858,263120,Annual,2022-02-08,2
16859,263126,Monthly,2022-02-08,0
16862,263076,Monthly,2022-02-09,0
16868,259283,Monthly,2022-02-09,0
16872,259777,Annual,2022-02-09,2
16874,262726,Annual,2022-02-09,2
16876,262988,Annual,2022-02-09,2
16877,261668,Monthly,2022-02-09,0
16878,263216,Annual,2022-02-09,2
16879,262377,Annual,2022-02-09,2
16880,262973,Quarterly,2022-02-09,1
16883,263146,Annual,2022-02-10,2
16888,259965,Monthly,2022-02-10,0
16890,259860,Monthly,2022-02-10,0
16895,259938,Monthly,2022-02-10,0
16896,262819,Annual,2022-02-10,2
16897,262580,Monthly,2022-02-10,0
16898,263296,Annual,2022-02-10,2
16899,263210,Monthly,2022-02-10,0
16900,261883,Monthly,2022-02-10,0
16903,263321,Annual,2022-02-11,2
16904,263087,Annual,2022-02-11,2
16914,259689,Monthly,2022-02-11,0
16920,261828,Monthly,2022-02-11,0
16921,263392,Annual,2022-02-11,2
16922,263300,Annual,2022-02-12,2
16927,260180,Monthly,2022-02-12,0
16933,259865,Monthly,2022-02-12,0
16934,263231,Annual,2022-02-12,2
16935,263472,Annual,2022-02-12,2
16936,263480,Monthly,2022-02-13,0
16937,263483,Monthly,2022-02-13,0
16948,259996,Monthly,2022-02-13,0
16949,263531,Annual,2022-02-13,2
16950,263535,Annual,2022-02-13,2
16952,263545,Annual,2022-02-13,2
16953,263368,Annual,2022-02-13,2
16954,263364,Monthly,2022-02-13,0
16955,263564,Annual,2022-02-13,2
16956,263481,Monthly,2022-02-14,0
16957,263501,Annual,2022-02-14,2
16962,260465,Monthly,2022-02-14,0
16969,260354,Monthly,2022-02-14,0
16971,260211,Monthly,2022-02-14,0
16973,258883,Annual,2022-01-01,2
16974,259070,Annual,2022-01-03,2
16975,259767,Annual,2022-01-09,2
16977,262457,Monthly,2022-02-14,0
16978,261626,Annual,2022-01-26,2
16979,261644,Annual,2022-01-26,2
16980,261647,Annual,2022-01-26,2
16981,261670,Annual,2022-01-26,2
16982,262297,Annual,2022-02-01,2
16983,262421,Annual,2022-02-03,2
16984,262585,Annual,2022-02-03,2
16985,262677,Annual,2022-02-04,2
16987,263639,Annual,2022-02-14,2
16994,263672,Monthly,2022-02-14,0
16995,263672,Annual,2022-02-14,2
16998,263692,Annual,2022-02-14,2
16999,263551,Monthly,2022-02-14,0
17003,263494,Annual,2022-02-15,2
17013,260774,Monthly,2022-02-15,0
17015,263479,Monthly,2022-02-15,0
17017,263759,Annual,2022-02-15,2
17018,263776,Annual,2022-02-15,2
17019,263783,Monthly,2022-02-15,0
17020,263363,Annual,2022-02-15,2
17021,263536,Monthly,2022-02-15,0
17022,263690,Monthly,2022-02-15,0
17026,263791,Monthly,2022-02-16,0
17032,260646,Monthly,2022-02-16,0
17040,263842,Annual,2022-02-16,2
17042,263293,Annual,2022-02-16,2
17047,263798,Annual,2022-02-16,2
17058,261805,Annual,2022-02-17,2
17062,263933,Annual,2022-02-17,2
17065,263648,Annual,2022-02-17,2
17066,260742,Monthly,2022-02-17,0
17083,263941,Annual,2022-02-17,2
17086,263942,Monthly,2022-02-17,0
17096,263913,Monthly,2022-02-17,0
17106,260885,Monthly,2022-02-18,0
17107,263388,Annual,2022-02-18,2
17108,260042,Annual,2022-02-18,2
17109,264141,Annual,2022-02-18,2
17110,264076,Monthly,2022-02-18,0
17112,260356,Monthly,2022-02-18,0
17124,258930,Monthly,2022-02-19,0
17125,263496,Annual,2022-02-19,2
17126,264254,Monthly,2022-02-19,0
17127,262270,Monthly,2022-02-19,0
17128,264253,Monthly,2022-02-19,0
17129,262714,Quarterly,2022-02-20,1
17130,264290,Annual,2022-02-20,2
17133,263859,Annual,2022-02-20,2
17134,263497,Annual,2022-02-20,2
17139,261073,Monthly,2022-02-20,0
17146,264323,Annual,2022-02-20,2
17147,263650,Annual,2022-02-20,2
17148,264259,Monthly,2022-02-20,0
17149,263786,Monthly,2022-02-20,0
17152,263706,Annual,2022-02-21,2
17153,264391,Monthly,2022-02-21,0
17164,264417,Monthly,2022-02-21,0
17165,263920,Annual,2022-02-21,2
17169,264476,Annual,2022-02-21,2
17171,264513,Annual,2022-02-21,2
17179,261228,Monthly,2022-02-22,0
17183,261212,Monthly,2022-02-22,0
17189,264118,Annual,2022-02-22,2
17191,262412,Annual,2022-02-22,2
17192,264677,Annual,2022-02-23,2
17193,264679,Annual,2022-02-23,2
17195,264404,Annual,2022-02-23,2
17196,264694,Monthly,2022-02-23,0
17197,264696,Annual,2022-02-23,2
17198,264081,Monthly,2022-02-23,0
17208,264514,Monthly,2022-02-23,0
17209,264761,Monthly,2022-02-23,0
17210,264472,Monthly,2022-02-23,0
17211,264746,Monthly,2022-02-23,0
17214,264549,Annual,2022-02-24,2
17225,264637,Annual,2022-02-24,2
17226,264131,Annual,2022-02-24,2
17227,264916,Annual,2022-02-24,2
17229,264049,Annual,2022-02-24,2
17231,264888,Monthly,2022-02-25,0
17232,264146,Annual,2022-02-25,2
17241,264400,Annual,2022-02-25,2
17242,264826,Annual,2022-02-25,2
17243,264572,Annual,2022-02-25,2
17245,265044,Annual,2022-02-25,2
17246,264291,Monthly,2022-02-26,0
17250,265077,Annual,2022-02-26,2
17255,261491,Monthly,2022-02-26,0
17262,265130,Monthly,2022-02-26,0
17263,263661,Annual,2022-02-26,2
17264,265106,Annual,2022-02-26,2
17265,263683,Annual,2022-02-26,2
17266,264502,Monthly,2022-02-26,0
17269,265093,Annual,2022-02-27,2
17272,261724,Monthly,2022-02-27,0
17274,265201,Annual,2022-02-27,2
17276,265218,Annual,2022-02-27,2
17278,264699,Monthly,2022-02-27,0
17281,265250,Monthly,2022-02-27,0
17282,265110,Monthly,2022-02-27,0
17284,265121,Annual,2022-02-28,2
17285,264361,Monthly,2022-02-28,0
17306,261995,Monthly,2022-02-28,0
17316,261466,Monthly,2022-02-28,0
17323,265339,Annual,2022-02-28,2
17330,265337,Annual,2022-02-28,2
17331,264623,Annual,2022-02-28,2
17332,264425,Annual,2022-02-28,2
17334,265025,Annual,2022-02-28,2
17337,265390,Annual,2022-02-28,2
17338,264909,Annual,2022-02-28,2
17339,265023,Annual,2022-02-28,2
17340,265415,Annual,2022-02-28,2
17341,265418,Annual,2022-02-28,2
17342,265182,Monthly,2022-02-28,0
17344,265424,Monthly,2022-02-28,0
17349,265462,Annual,2022-03-01,2
17351,265317,Monthly,2022-03-01,0
17360,262190,Monthly,2022-03-01,0
17368,265262,Monthly,2022-03-01,0
17369,265483,Monthly,2022-03-01,0
17370,265302,Monthly,2022-03-01,0
17372,265519,Monthly,2022-03-01,0
17373,265506,Monthly,2022-03-01,0
17374,265328,Annual,2022-03-01,2
17375,265572,Annual,2022-03-02,2
17377,265581,Annual,2022-03-02,2
17380,259039,Monthly,2022-03-02,0
17385,265618,Monthly,2022-03-02,0
17386,265578,Monthly,2022-03-02,0
17387,262569,Monthly,2022-03-02,0
17388,263677,Annual,2022-03-02,2
17391,265714,Annual,2022-03-03,2
17395,262421,Monthly,2022-03-03,0
17400,265241,Monthly,2022-03-03,0
17402,265176,Monthly,2022-03-04,0
17403,265813,Annual,2022-03-04,2
17404,265779,Monthly,2022-03-04,0
17408,259258,Monthly,2022-03-04,0
17412,262677,Monthly,2022-03-04,0
17415,259026,Monthly,2022-03-04,0
17416,264856,Quarterly,2022-03-04,1
17417,265879,Annual,2022-03-04,2
17418,265686,Annual,2022-03-04,2
17420,265902,Monthly,2022-03-04,0
17421,265918,Annual,2022-03-04,2
17423,265928,Annual,2022-03-05,2
17425,259408,Monthly,2022-03-05,0
17428,262750,Monthly,2022-03-05,0
17436,262792,Monthly,2022-03-05,0
17437,258832,Monthly,2022-03-05,0
17440,265966,Monthly,2022-03-05,0
17442,265970,Annual,2022-03-05,2
17443,265878,Monthly,2022-03-05,0
17444,266001,Monthly,2022-03-06,0
17445,262596,Monthly,2022-03-06,0
17446,259534,Monthly,2022-03-06,0
17452,262821,Monthly,2022-03-06,0
17457,266045,Annual,2022-03-06,2
17459,265489,Annual,2022-03-06,2
17462,266099,Annual,2022-03-06,2
17464,265789,Annual,2022-03-06,2
17467,266123,Monthly,2022-03-06,0
17470,265967,Annual,2022-03-07,2
17471,266136,Annual,2022-03-07,2
17472,264732,Monthly,2022-03-07,0
17475,260861,Annual,2022-03-07,2
17477,261753,Monthly,2022-03-07,0
17478,260964,Monthly,2022-03-07,0
17481,265653,Annual,2022-03-07,2
17482,264563,Monthly,2022-03-07,0
17483,262992,Monthly,2022-03-07,0
17484,266308,Annual,2022-03-07,2
17485,263693,Monthly,2022-03-07,0
17486,265449,Annual,2022-03-08,2
17487,266332,Annual,2022-03-08,2
17488,259702,Monthly,2022-03-08,0
17498,266386,Monthly,2022-03-08,0
17499,266402,Monthly,2022-03-08,0
17500,261668,Annual,2022-03-08,2
17501,266325,Monthly,2022-03-08,0
17502,263104,Monthly,2022-03-08,0
17503,263112,Monthly,2022-03-08,0
17504,265588,Annual,2022-03-08,2
17505,265628,Annual,2022-03-08,2
17511,266492,Annual,2022-03-09,2
17512,263076,Monthly,2022-03-09,0
17521,266529,Annual,2022-03-09,2
17525,266410,Annual,2022-03-09,2
17526,266455,Monthly,2022-03-09,0
17527,266366,Monthly,2022-03-09,0
17529,262221,Quarterly,2022-03-10,1
17531,266548,Monthly,2022-03-10,0
17540,259860,Monthly,2022-03-10,0
17545,259965,Monthly,2022-03-10,0
17547,266549,Monthly,2022-03-10,0
17548,263845,Monthly,2022-03-10,0
17551,266489,Annual,2022-03-10,2
17552,266249,Annual,2022-03-10,2
17553,266693,Annual,2022-03-10,2
17554,263210,Monthly,2022-03-10,0
17555,261883,Monthly,2022-03-10,0
17556,266544,Annual,2022-03-10,2
17557,266462,Monthly,2022-03-10,0
17558,266603,Annual,2022-03-10,2
17559,266615,Monthly,2022-03-10,0
17560,266485,Annual,2022-03-11,2
17561,262908,Monthly,2022-03-11,0
17571,266788,Monthly,2022-03-11,0
17572,266766,Annual,2022-03-11,2
17573,266810,Annual,2022-03-11,2
17574,261828,Monthly,2022-03-11,0
17575,266875,Annual,2022-03-11,2
17576,266614,Annual,2022-03-11,2
17578,266894,Monthly,2022-03-11,0
17580,266316,Annual,2022-03-12,2
17586,260180,Monthly,2022-03-12,0
17588,263529,Annual,2022-03-12,2
17590,266962,Monthly,2022-03-12,0
17591,266758,Annual,2022-03-12,2
17592,266680,Monthly,2022-03-12,0
17593,266975,Monthly,2022-03-12,0
17594,267011,Annual,2022-03-12,2
17595,264687,Annual,2022-03-12,2
17596,267010,Annual,2022-03-12,2
17597,263480,Monthly,2022-03-13,0
17598,263483,Monthly,2022-03-13,0
17601,259996,Monthly,2022-03-13,0
17616,267114,Monthly,2022-03-13,0
17617,265310,Annual,2022-03-13,2
17619,266106,Annual,2022-03-13,2
17620,266512,Annual,2022-03-13,2
17622,266616,Monthly,2022-03-13,0
17623,263481,Monthly,2022-03-14,0
17624,266496,Annual,2022-03-14,2
17625,267174,Annual,2022-03-14,2
17626,260465,Monthly,2022-03-14,0
17634,267203,Annual,2022-03-14,2
17636,266754,Annual,2022-03-14,2
17637,264552,Monthly,2022-03-14,0
17638,266095,Monthly,2022-03-14,0
17639,267254,Monthly,2022-03-14,0
17640,266108,Annual,2022-03-14,2
17642,266584,Annual,2022-03-15,2
17656,267358,Monthly,2022-03-15,0
17657,263479,Monthly,2022-03-15,0
17659,267413,Monthly,2022-03-15,0
17660,267418,Monthly,2022-03-15,0
17661,263783,Monthly,2022-03-15,0
17662,267432,Monthly,2022-03-15,0
17663,263690,Monthly,2022-03-15,0
17665,267048,Annual,2022-03-16,2
17668,263791,Monthly,2022-03-16,0
17677,260646,Monthly,2022-03-16,0
17689,267546,Monthly,2022-03-16,0
17692,267496,Annual,2022-03-16,2
17693,267487,Monthly,2022-03-16,0
17694,267613,Annual,2022-03-16,2
17699,267662,Monthly,2022-03-17,0
17721,267064,Annual,2022-03-17,2
17723,267558,Annual,2022-03-17,2
17725,267106,Annual,2022-03-17,2
17726,263913,Monthly,2022-03-17,0
17728,261325,Monthly,2022-03-17,0
17729,266725,Monthly,2022-03-17,0
17730,261680,Annual,2022-03-17,2
17734,267721,Monthly,2022-03-18,0
17735,267778,Monthly,2022-03-18,0
17736,267765,Annual,2022-03-18,2
17762,267515,Annual,2022-03-18,2
17764,267843,Monthly,2022-03-18,0
17765,267854,Annual,2022-03-18,2
17767,267026,Annual,2022-03-18,2
17768,267916,Annual,2022-03-19,2
17769,267919,Annual,2022-03-19,2
17770,267930,Monthly,2022-03-19,0
17784,267443,Monthly,2022-03-19,0
17786,264254,Monthly,2022-03-19,0
17787,267812,Monthly,2022-03-19,0
17788,262270,Monthly,2022-03-19,0
17790,268045,Monthly,2022-03-20,0
17792,261073,Monthly,2022-03-20,0
17799,268011,Annual,2022-03-20,2
17802,264259,Monthly,2022-03-20,0
17803,267286,Annual,2022-03-20,2
17804,267949,Annual,2022-03-20,2
17807,267168,Annual,2022-03-21,2
17808,268152,Annual,2022-03-21,2
17811,264391,Monthly,2022-03-21,0
17812,268053,Annual,2022-03-21,2
17826,264417,Monthly,2022-03-21,0
17831,259491,Annual,2022-03-21,2
17833,268224,Annual,2022-03-21,2
17834,268226,Monthly,2022-03-21,0
17836,263934,Monthly,2022-03-21,0
17837,267114,Annual,2022-03-21,2
17840,262203,Annual,2022-03-22,2
17844,268257,Annual,2022-03-22,2
17845,264081,Annual,2022-03-22,2
17847,262761,Annual,2022-03-22,2
17851,261212,Monthly,2022-03-22,0
17862,261228,Monthly,2022-03-22,0
17865,268331,Annual,2022-03-22,2
17866,268337,Annual,2022-03-22,2
17868,268346,Annual,2022-03-22,2
17869,268344,Annual,2022-03-22,2
17870,268352,Annual,2022-03-22,2
17871,268373,Annual,2022-03-23,2
17887,268389,Annual,2022-03-23,2
17889,268357,Annual,2022-03-23,2
17892,268408,Annual,2022-03-23,2
17893,268410,Annual,2022-03-23,2
17894,268412,Monthly,2022-03-23,0
17895,264472,Monthly,2022-03-23,0
17896,268293,Annual,2022-03-23,2
17898,267643,Annual,2022-03-23,2
17901,268348,Annual,2022-03-24,2
17902,267498,Monthly,2022-03-24,0
17903,268374,Annual,2022-03-24,2
17920,268461,Annual,2022-03-24,2
17921,268465,Annual,2022-03-24,2
17923,267391,Annual,2022-03-24,2
17924,268113,Monthly,2022-03-24,0
17925,268473,Annual,2022-03-24,2
17927,268480,Annual,2022-03-24,2
17932,264761,Monthly,2022-03-24,0
17935,268510,Annual,2022-03-24,2
17937,264888,Monthly,2022-03-25,0
17938,266012,Annual,2022-03-25,2
17940,268527,Annual,2022-03-25,2
17941,268420,Annual,2022-03-25,2
17942,268511,Annual,2022-03-25,2
17953,267898,Annual,2022-03-25,2
17954,268553,Annual,2022-03-25,2
17955,268558,Annual,2022-03-25,2
17956,268104,Annual,2022-03-25,2
17959,261990,Annual,2022-03-25,2
17960,268572,Annual,2022-03-25,2
17961,268129,Monthly,2022-03-25,0
17962,268574,Annual,2022-03-25,2
17964,268584,Annual,2022-03-25,2
17965,267195,Monthly,2022-03-25,0
17967,261724,Annual,2022-03-25,2
17969,264291,Monthly,2022-03-26,0
17972,268600,Annual,2022-03-26,2
17979,261491,Monthly,2022-03-26,0
17982,268321,Annual,2022-03-26,2
17986,268147,Annual,2022-03-26,2
17987,265101,Annual,2022-03-26,2
17988,268409,Monthly,2022-03-26,0
17989,267813,Annual,2022-03-26,2
17991,265130,Monthly,2022-03-26,0
17994,268641,Annual,2022-03-26,2
17997,265196,Monthly,2022-03-27,0
17999,259504,Annual,2022-03-27,2
18000,268545,Annual,2022-03-27,2
18002,268714,Annual,2022-03-27,2
18003,268715,Annual,2022-03-27,2
18005,265250,Monthly,2022-03-27,0
18006,265110,Monthly,2022-03-27,0
18007,259533,Annual,2022-03-27,2
18008,268742,Annual,2022-03-28,2
18009,268736,Annual,2022-03-28,2
18010,258930,Annual,2022-03-28,2
18031,261466,Monthly,2022-03-28,0
18037,268779,Annual,2022-03-28,2
18038,268764,Annual,2022-03-28,2
18039,264856,Annual,2022-03-28,2
18042,261582,Annual,2022-03-28,2
18043,268647,Annual,2022-03-28,2
18044,268796,Monthly,2022-03-28,0
18050,265182,Monthly,2022-03-28,0
18052,268827,Annual,2022-03-28,2
18053,268830,Annual,2022-03-28,2
18056,268768,Annual,2022-03-29,2
18058,268866,Annual,2022-03-29,2
18060,268718,Annual,2022-03-29,2
18061,268876,Annual,2022-03-29,2
18062,260356,Annual,2022-03-29,2
18063,268643,Annual,2022-03-29,2
18064,268877,Annual,2022-03-29,2
18067,268800,Annual,2022-03-29,2
18068,267812,Annual,2022-03-29,2
18069,262044,Annual,2022-03-29,2
18072,268897,Annual,2022-03-29,2
18074,268903,Annual,2022-03-29,2
18079,261200,Annual,2022-03-29,2
18080,265927,Annual,2022-03-29,2
18081,264368,Annual,2022-03-29,2
18082,268915,Annual,2022-03-29,2
18084,268923,Annual,2022-03-29,2
18085,268732,Annual,2022-03-30,2
18086,268892,Annual,2022-03-30,2
18087,268926,Annual,2022-03-30,2
18088,268792,Annual,2022-03-30,2
18089,268935,Annual,2022-03-30,2
18090,263453,Annual,2022-03-30,2
18091,268940,Annual,2022-03-30,2
18092,262112,Annual,2022-03-30,2
18097,268287,Annual,2022-03-30,2
18098,268962,Annual,2022-03-30,2
18100,263008,Annual,2022-03-30,2
18104,268990,Annual,2022-03-30,2
18105,260964,Annual,2022-03-30,2
18107,268989,Annual,2022-03-30,2
18108,268817,Annual,2022-03-30,2
18109,262386,Annual,2022-03-30,2
18112,269000,Annual,2022-03-30,2
18113,267936,Annual,2022-03-30,2
18116,262580,Annual,2022-03-30,2
18117,268922,Annual,2022-03-30,2
18118,269012,Annual,2022-03-30,2
18120,269010,Annual,2022-03-30,2
18121,268978,Annual,2022-03-30,2
18122,269016,Annual,2022-03-30,2
18125,267959,Annual,2022-03-30,2
18126,269020,Annual,2022-03-30,2
18128,269024,Annual,2022-03-30,2
18130,269027,Annual,2022-03-30,2
18133,269038,Annual,2022-03-30,2
18134,269040,Annual,2022-03-30,2
18136,269046,Annual,2022-03-30,2
18137,269047,Monthly,2022-03-30,0
18138,268618,Annual,2022-03-30,2
18142,268516,Annual,2022-03-30,2
18143,269050,Annual,2022-03-30,2
18145,269030,Annual,2022-03-30,2
18148,269036,Annual,2022-03-31,2
18150,261104,Annual,2022-03-31,2
18152,269053,Annual,2022-03-31,2
18153,268908,Annual,2022-03-31,2
18156,269054,Annual,2022-03-31,2
18158,258956,Monthly,2022-03-31,0
18161,269056,Annual,2022-03-31,2
18165,263252,Annual,2022-03-31,2
18166,263579,Annual,2022-03-31,2
18167,266477,Annual,2022-03-31,2
18169,269066,Annual,2022-03-31,2
18171,269070,Annual,2022-03-31,2
18174,268825,Annual,2022-03-31,2
18176,268929,Annual,2022-03-31,2
18179,269068,Annual,2022-03-31,2
18183,264131,Annual,2022-03-31,2
18184,268805,Annual,2022-03-31,2
18189,262148,Annual,2022-03-31,2
18192,269120,Annual,2022-03-31,2
18193,265906,Monthly,2022-03-31,0
18197,269174,Annual,2022-04-01,2
18200,269188,Monthly,2022-04-01,0
18201,269204,Annual,2022-04-01,2
18202,265317,Monthly,2022-04-01,0
18203,262190,Monthly,2022-04-01,0
18212,265519,Monthly,2022-04-01,0
18213,268985,Annual,2022-04-01,2
18214,269314,Annual,2022-04-02,2
18222,259039,Monthly,2022-04-02,0
18226,265165,Annual,2022-04-02,2
18232,262421,Monthly,2022-04-03,0
18237,268556,Monthly,2022-04-03,0
18239,269220,Monthly,2022-04-03,0
18241,269485,Annual,2022-04-03,2
18242,269492,Annual,2022-04-03,2
18243,268390,Monthly,2022-04-03,0
18244,266112,Monthly,2022-04-04,0
18245,265176,Monthly,2022-04-04,0
18246,269549,Annual,2022-04-04,2
18247,268811,Annual,2022-04-04,2
18250,259026,Monthly,2022-04-04,0
18255,259258,Monthly,2022-04-04,0
18257,262677,Monthly,2022-04-04,0
18260,269013,Annual,2022-04-04,2
18261,269570,Monthly,2022-04-04,0
18262,269540,Annual,2022-04-04,2
18264,269594,Annual,2022-04-04,2
18265,269633,Monthly,2022-04-04,0
18266,265902,Monthly,2022-04-04,0
18268,269670,Annual,2022-04-05,2
18271,262792,Monthly,2022-04-05,0
18281,269518,Annual,2022-04-05,2
18282,267885,Monthly,2022-04-05,0
18284,269744,Monthly,2022-04-05,0
18286,265966,Monthly,2022-04-05,0
18289,265878,Monthly,2022-04-05,0
18291,269771,Monthly,2022-04-06,0
18292,269796,Quarterly,2022-04-06,1
18293,266001,Monthly,2022-04-06,0
18297,264253,Monthly,2022-04-06,0
18299,262821,Monthly,2022-04-06,0
18301,262596,Monthly,2022-04-06,0
18307,269662,Annual,2022-04-06,2
18308,268529,Monthly,2022-04-06,0
18309,269843,Monthly,2022-04-06,0
18310,269862,Annual,2022-04-06,2
18311,269470,Annual,2022-04-06,2
18314,269646,Monthly,2022-04-07,0
18315,269894,Monthly,2022-04-07,0
18316,269896,Annual,2022-04-07,2
18317,269741,Annual,2022-04-07,2
18318,269908,Monthly,2022-04-07,0
18319,269909,Monthly,2022-04-07,0
18320,269924,Annual,2022-04-07,2
18321,269934,Annual,2022-04-07,2
18322,264732,Monthly,2022-04-07,0
18329,259884,Monthly,2022-04-07,0
18330,269978,Annual,2022-04-07,2
18331,269981,Monthly,2022-04-07,0
18332,265005,Annual,2022-04-07,2
18333,269653,Monthly,2022-04-07,0
18334,270003,Annual,2022-04-07,2
18335,270000,Monthly,2022-04-07,0
18336,264563,Monthly,2022-04-07,0
18337,262992,Monthly,2022-04-07,0
18338,269535,Monthly,2022-04-07,0
18339,263693,Monthly,2022-04-07,0
18340,270014,Annual,2022-04-08,2
18341,270022,Annual,2022-04-08,2
18346,259702,Monthly,2022-04-08,0
18356,266386,Monthly,2022-04-08,0
18357,264502,Monthly,2022-04-08,0
18358,270098,Annual,2022-04-08,2
18359,270099,Monthly,2022-04-08,0
18360,266402,Monthly,2022-04-08,0
18363,269289,Annual,2022-04-08,2
18365,266325,Monthly,2022-04-08,0
18366,269976,Monthly,2022-04-08,0
18367,266731,Annual,2022-04-08,2
18369,263104,Monthly,2022-04-08,0
18370,270135,Annual,2022-04-08,2
18374,269671,Annual,2022-04-09,2
18375,263076,Monthly,2022-04-09,0
18376,270175,Monthly,2022-04-09,0
18388,270197,Annual,2022-04-09,2
18389,270209,Monthly,2022-04-09,0
18392,270042,Monthly,2022-04-09,0
18393,269457,Annual,2022-04-09,2
18394,266455,Monthly,2022-04-09,0
18395,266366,Monthly,2022-04-09,0
18396,270263,Annual,2022-04-10,2
18398,270265,Annual,2022-04-10,2
18400,270179,Monthly,2022-04-10,0
18401,266548,Monthly,2022-04-10,0
18405,259860,Monthly,2022-04-10,0
18406,259965,Monthly,2022-04-10,0
18408,270240,Quarterly,2022-04-10,1
18410,263845,Monthly,2022-04-10,0
18412,270324,Annual,2022-04-10,2
18415,263210,Monthly,2022-04-10,0
18416,269519,Annual,2022-04-10,2
18417,261883,Monthly,2022-04-10,0
18418,270075,Annual,2022-04-10,2
18419,269501,Annual,2022-04-10,2
18420,266462,Monthly,2022-04-10,0
18421,266615,Monthly,2022-04-10,0
18422,270247,Monthly,2022-04-10,0
18431,266788,Monthly,2022-04-11,0
18434,261828,Monthly,2022-04-11,0
18435,270363,Monthly,2022-04-11,0
18436,270455,Annual,2022-04-11,2
18437,270036,Monthly,2022-04-11,0
18438,270103,Monthly,2022-04-11,0
18439,269754,Annual,2022-04-11,2
18440,266894,Monthly,2022-04-12,0
18441,270517,Monthly,2022-04-12,0
18442,270518,Annual,2022-04-12,2
18443,270018,Monthly,2022-04-12,0
18447,260180,Monthly,2022-04-12,0
18449,260164,Quarterly,2022-04-12,1
18455,270596,Annual,2022-04-12,2
18457,265003,Monthly,2022-04-12,0
18459,270486,Monthly,2022-04-12,0
18460,262260,Monthly,2022-04-13,0
18461,270616,Monthly,2022-04-13,0
18463,270529,Annual,2022-04-13,2
18464,270648,Monthly,2022-04-13,0
18472,259996,Monthly,2022-04-13,0
18481,260173,Quarterly,2022-04-13,1
18485,270619,Monthly,2022-04-13,0
18488,270710,Monthly,2022-04-13,0
18489,269864,Annual,2022-04-13,2
18490,270700,Monthly,2022-04-13,0
18493,270738,Annual,2022-04-13,2
18494,266616,Monthly,2022-04-13,0
18496,269898,Annual,2022-04-14,2
18497,263481,Monthly,2022-04-14,0
18499,263483,Monthly,2022-04-14,0
18501,270062,Annual,2022-04-14,2
18503,260465,Monthly,2022-04-14,0
18516,270784,Annual,2022-04-14,2
18519,265848,Monthly,2022-04-14,0
18520,267254,Monthly,2022-04-14,0
18521,270811,Monthly,2022-04-14,0
18522,269975,Annual,2022-04-14,2
18540,267358,Monthly,2022-04-15,0
18541,270898,Annual,2022-04-15,2
18542,267413,Monthly,2022-04-15,0
18544,270906,Monthly,2022-04-15,0
18546,270367,Annual,2022-04-15,2
18548,263690,Monthly,2022-04-15,0
18549,270931,Annual,2022-04-15,2
18554,263791,Monthly,2022-04-16,0
18555,269130,Monthly,2022-04-16,0
18559,270957,Monthly,2022-04-16,0
18563,260646,Monthly,2022-04-16,0
18588,270244,Annual,2022-04-16,2
18589,267546,Monthly,2022-04-16,0
18591,271015,Annual,2022-04-16,2
18593,271029,Annual,2022-04-17,2
18595,270474,Annual,2022-04-17,2
18596,271035,Annual,2022-04-17,2
18610,271006,Monthly,2022-04-17,0
18612,271075,Monthly,2022-04-17,0
18614,271077,Monthly,2022-04-17,0
18616,271087,Monthly,2022-04-17,0
18617,271089,Monthly,2022-04-17,0
18618,263913,Monthly,2022-04-17,0
18619,270911,Annual,2022-04-17,2
18621,268242,Monthly,2022-04-17,0
18622,266725,Monthly,2022-04-17,0
18625,270848,Monthly,2022-04-18,0
18627,267721,Monthly,2022-04-18,0
18648,267843,Monthly,2022-04-18,0
18649,270824,Monthly,2022-04-18,0
18651,271220,Annual,2022-04-18,2
18653,271228,Monthly,2022-04-19,0
18656,267930,Monthly,2022-04-19,0
18657,270393,Monthly,2022-04-19,0
18660,271296,Monthly,2022-04-19,0
18675,262270,Quarterly,2022-04-19,1
18676,271310,Annual,2022-04-19,2
18677,264254,Monthly,2022-04-19,0
18678,270606,Annual,2022-04-19,2
